entity_id,route,origin,destination,delay_rate,weather_risk,supplier_reliability,timestamp
E0001,LAX-SIN,Los Angeles,Singapore,6.3,33.78,97.47,2026-01-01T01:00:00
E0002,MUM-DXB,Mumbai,Dubai,70.02,72.48,73.27,2026-01-01T02:00:00
E0003,RTM-NYC,Rotterdam,New York,66.4,30.44,10.5,2026-01-01T03:00:00
E0004,MUM-DXB,Mumbai,Dubai,57.61,84.15,16.21,2026-01-01T04:00:00
E0005,RTM-NYC,Rotterdam,New York,1.38,9.68,82.57,2026-01-01T05:00:00
E0006,HAM-JKT,Hamburg,Jakarta,60.42,20.77,3.55,2026-01-01T06:00:00
E0007,LAX-SIN,Los Angeles,Singapore,64.18,97.73,47.88,2026-01-01T07:00:00
E0008,SGP-SZX,Singapore,Shenzhen,31.53,40.35,49.42,2026-01-01T08:00:00
E0009,HAM-JKT,Hamburg,Jakarta,27.24,64.54,39.37,2026-01-01T09:00:00
E0010,RTM-NYC,Rotterdam,New York,88.66,37.57,45.13,2026-01-01T10:00:00
E0011,RTM-NYC,Rotterdam,New York,44.53,27.08,83.87,2026-01-01T11:00:00
E0012,SHA-HKG,Shanghai,Hong Kong,7.1,75.47,67.08,2026-01-01T12:00:00
E0013,SGP-SZX,Singapore,Shenzhen,67.15,81.01,41.98,2026-01-01T13:00:00
E0014,SHA-HKG,Shanghai,Hong Kong,23.52,7.04,39.32,2026-01-01T14:00:00
E0015,SHA-HKG,Shanghai,Hong Kong,42.44,54.02,86.82,2026-01-01T15:00:00
E0016,MUM-DXB,Mumbai,Dubai,57.7,24.33,30.59,2026-01-01T16:00:00
E0017,MUM-DXB,Mumbai,Dubai,90.37,71.72,50.71,2026-01-01T17:00:00
E0018,SHA-HKG,Shanghai,Hong Kong,80.24,68.08,62.41,2026-01-01T18:00:00
E0019,SGP-SZX,Singapore,Shenzhen,94.98,45.45,94.96,2026-01-01T19:00:00
E0020,LAX-SIN,Los Angeles,Singapore,97.24,81.04,13.49,2026-01-01T20:00:00
E0021,MUM-DXB,Mumbai,Dubai,8.76,68.63,20.99,2026-01-01T21:00:00
E0022,HAM-JKT,Hamburg,Jakarta,15.64,59.91,32.66,2026-01-01T22:00:00
E0023,HAM-JKT,Hamburg,Jakarta,91.5,7.63,39.42,2026-01-01T23:00:00
E0024,MUM-DXB,Mumbai,Dubai,55.65,85.81,52.45,2026-01-02T00:00:00
E0025,SGP-SZX,Singapore,Shenzhen,78.87,62.68,52.73,2026-01-02T01:00:00
E0026,MUM-DXB,Mumbai,Dubai,12.14,15.81,57.09,2026-01-02T02:00:00
E0027,SHA-HKG,Shanghai,Hong Kong,76.08,94.03,92.57,2026-01-02T03:00:00
E0028,SHA-HKG,Shanghai,Hong Kong,78.17,78.79,86.88,2026-01-02T04:00:00
E0029,RTM-NYC,Rotterdam,New York,87.91,27.15,65.82,2026-01-02T05:00:00
E0030,SHA-HKG,Shanghai,Hong Kong,61.29,4.71,28.27,2026-01-02T06:00:00
E0031,LAX-SIN,Los Angeles,Singapore,62.21,68.4,40.77,2026-01-02T07:00:00
E0032,MUM-DXB,Mumbai,Dubai,89.07,33.82,24.52,2026-01-02T08:00:00
E0033,HAM-JKT,Hamburg,Jakarta,48.05,27.59,37.87,2026-01-02T09:00:00
E0034,RTM-NYC,Rotterdam,New York,81.92,31.0,28.75,2026-01-02T10:00:00
E0035,MUM-DXB,Mumbai,Dubai,85.97,68.8,97.28,2026-01-02T11:00:00
E0036,LAX-SIN,Los Angeles,Singapore,14.3,97.45,44.87,2026-01-02T12:00:00
E0037,RTM-NYC,Rotterdam,New York,27.67,42.26,64.91,2026-01-02T13:00:00
E0038,LAX-SIN,Los Angeles,Singapore,44.73,91.43,41.31,2026-01-02T14:00:00
E0039,MUM-DXB,Mumbai,Dubai,76.19,86.85,82.28,2026-01-02T15:00:00
E0040,SHA-HKG,Shanghai,Hong Kong,79.36,7.5,71.25,2026-01-02T16:00:00
E0041,MUM-DXB,Mumbai,Dubai,14.43,85.28,88.05,2026-01-02T17:00:00
E0042,SGP-SZX,Singapore,Shenzhen,18.2,87.64,20.87,2026-01-02T18:00:00
E0043,SGP-SZX,Singapore,Shenzhen,25.7,46.19,91.89,2026-01-02T19:00:00
E0044,HAM-JKT,Hamburg,Jakarta,20.71,37.47,46.96,2026-01-02T20:00:00
E0045,MUM-DXB,Mumbai,Dubai,63.91,13.26,4.03,2026-01-02T21:00:00
E0046,RTM-NYC,Rotterdam,New York,49.39,45.16,96.09,2026-01-02T22:00:00
E0047,MUM-DXB,Mumbai,Dubai,59.1,35.63,17.19,2026-01-02T23:00:00
E0048,RTM-NYC,Rotterdam,New York,75.15,69.2,29.22,2026-01-03T00:00:00
E0049,MUM-DXB,Mumbai,Dubai,5.92,85.53,78.2,2026-01-03T01:00:00
E0050,LAX-SIN,Los Angeles,Singapore,85.85,65.09,68.09,2026-01-03T02:00:00
E0051,RTM-NYC,Rotterdam,New York,65.51,51.81,86.6,2026-01-03T03:00:00
E0052,HAM-JKT,Hamburg,Jakarta,1.88,91.24,65.09,2026-01-03T04:00:00
E0053,SHA-HKG,Shanghai,Hong Kong,80.29,23.15,61.23,2026-01-03T05:00:00
E0054,RTM-NYC,Rotterdam,New York,71.56,71.23,28.26,2026-01-03T06:00:00
E0055,MUM-DXB,Mumbai,Dubai,85.31,46.44,22.6,2026-01-03T07:00:00
E0056,RTM-NYC,Rotterdam,New York,68.04,82.61,40.32,2026-01-03T08:00:00
E0057,SGP-SZX,Singapore,Shenzhen,1.73,99.94,96.68,2026-01-03T09:00:00
E0058,RTM-NYC,Rotterdam,New York,56.58,59.78,28.99,2026-01-03T10:00:00
E0059,HAM-JKT,Hamburg,Jakarta,11.7,7.32,98.85,2026-01-03T11:00:00
E0060,HAM-JKT,Hamburg,Jakarta,33.19,28.41,65.96,2026-01-03T12:00:00
E0061,HAM-JKT,Hamburg,Jakarta,30.58,15.84,76.78,2026-01-03T13:00:00
E0062,SGP-SZX,Singapore,Shenzhen,80.74,80.43,60.4,2026-01-03T14:00:00
E0063,HAM-JKT,Hamburg,Jakarta,32.64,14.85,3.52,2026-01-03T15:00:00
E0064,MUM-DXB,Mumbai,Dubai,99.75,26.68,42.44,2026-01-03T16:00:00
E0065,MUM-DXB,Mumbai,Dubai,73.94,58.72,99.48,2026-01-03T17:00:00
E0066,LAX-SIN,Los Angeles,Singapore,34.97,71.62,68.95,2026-01-03T18:00:00
E0067,HAM-JKT,Hamburg,Jakarta,78.7,90.75,67.51,2026-01-03T19:00:00
E0068,SHA-HKG,Shanghai,Hong Kong,30.72,17.83,66.1,2026-01-03T20:00:00
E0069,SHA-HKG,Shanghai,Hong Kong,18.93,10.66,13.67,2026-01-03T21:00:00
E0070,RTM-NYC,Rotterdam,New York,72.79,56.34,91.35,2026-01-03T22:00:00
E0071,HAM-JKT,Hamburg,Jakarta,90.06,65.79,23.0,2026-01-03T23:00:00
E0072,LAX-SIN,Los Angeles,Singapore,74.68,31.4,79.02,2026-01-04T00:00:00
E0073,RTM-NYC,Rotterdam,New York,37.8,58.97,46.91,2026-01-04T01:00:00
E0074,SGP-SZX,Singapore,Shenzhen,47.58,86.77,58.77,2026-01-04T02:00:00
E0075,SHA-HKG,Shanghai,Hong Kong,8.05,89.05,50.55,2026-01-04T03:00:00
E0076,HAM-JKT,Hamburg,Jakarta,38.79,30.54,6.35,2026-01-04T04:00:00
E0077,LAX-SIN,Los Angeles,Singapore,14.6,20.83,41.51,2026-01-04T05:00:00
E0078,SHA-HKG,Shanghai,Hong Kong,89.39,98.68,15.18,2026-01-04T06:00:00
E0079,HAM-JKT,Hamburg,Jakarta,18.86,9.0,33.93,2026-01-04T07:00:00
E0080,LAX-SIN,Los Angeles,Singapore,32.03,6.74,45.75,2026-01-04T08:00:00
E0081,LAX-SIN,Los Angeles,Singapore,76.36,17.69,76.68,2026-01-04T09:00:00
E0082,MUM-DXB,Mumbai,Dubai,78.74,78.2,13.81,2026-01-04T10:00:00
E0083,MUM-DXB,Mumbai,Dubai,63.72,40.94,96.57,2026-01-04T11:00:00
E0084,MUM-DXB,Mumbai,Dubai,1.46,53.84,73.34,2026-01-04T12:00:00
E0085,SGP-SZX,Singapore,Shenzhen,89.31,75.93,53.57,2026-01-04T13:00:00
E0086,SGP-SZX,Singapore,Shenzhen,68.0,63.04,25.63,2026-01-04T14:00:00
E0087,HAM-JKT,Hamburg,Jakarta,87.82,31.9,11.17,2026-01-04T15:00:00
E0088,SHA-HKG,Shanghai,Hong Kong,59.28,17.53,82.56,2026-01-04T16:00:00
E0089,RTM-NYC,Rotterdam,New York,94.9,46.14,52.51,2026-01-04T17:00:00
E0090,SHA-HKG,Shanghai,Hong Kong,34.45,88.91,99.55,2026-01-04T18:00:00
E0091,RTM-NYC,Rotterdam,New York,99.62,49.53,75.26,2026-01-04T19:00:00
E0092,LAX-SIN,Los Angeles,Singapore,94.86,91.9,40.94,2026-01-04T20:00:00
E0093,LAX-SIN,Los Angeles,Singapore,23.21,98.5,21.91,2026-01-04T21:00:00
E0094,SGP-SZX,Singapore,Shenzhen,59.38,17.73,37.29,2026-01-04T22:00:00
E0095,HAM-JKT,Hamburg,Jakarta,79.42,38.14,64.39,2026-01-04T23:00:00
E0096,SHA-HKG,Shanghai,Hong Kong,62.69,59.8,5.75,2026-01-05T00:00:00
E0097,SGP-SZX,Singapore,Shenzhen,65.7,2.95,69.29,2026-01-05T01:00:00
E0098,MUM-DXB,Mumbai,Dubai,44.99,13.24,26.02,2026-01-05T02:00:00
E0099,HAM-JKT,Hamburg,Jakarta,16.16,69.82,63.4,2026-01-05T03:00:00
E0100,RTM-NYC,Rotterdam,New York,42.67,11.0,52.51,2026-01-05T04:00:00
E0101,SHA-HKG,Shanghai,Hong Kong,60.96,14.58,83.23,2026-01-05T05:00:00
E0102,SGP-SZX,Singapore,Shenzhen,51.65,62.15,28.99,2026-01-05T06:00:00
E0103,SGP-SZX,Singapore,Shenzhen,50.28,61.29,78.02,2026-01-05T07:00:00
E0104,SHA-HKG,Shanghai,Hong Kong,97.34,36.43,41.57,2026-01-05T08:00:00
E0105,LAX-SIN,Los Angeles,Singapore,4.9,50.14,21.56,2026-01-05T09:00:00
E0106,MUM-DXB,Mumbai,Dubai,33.73,1.27,67.49,2026-01-05T10:00:00
E0107,SGP-SZX,Singapore,Shenzhen,83.69,67.23,15.77,2026-01-05T11:00:00
E0108,SGP-SZX,Singapore,Shenzhen,78.17,8.43,72.63,2026-01-05T12:00:00
E0109,RTM-NYC,Rotterdam,New York,64.79,46.22,97.75,2026-01-05T13:00:00
E0110,RTM-NYC,Rotterdam,New York,46.96,10.88,18.3,2026-01-05T14:00:00
E0111,SGP-SZX,Singapore,Shenzhen,85.37,36.66,68.0,2026-01-05T15:00:00
E0112,MUM-DXB,Mumbai,Dubai,74.12,10.4,76.06,2026-01-05T16:00:00
E0113,SGP-SZX,Singapore,Shenzhen,1.96,14.7,65.07,2026-01-05T17:00:00
E0114,RTM-NYC,Rotterdam,New York,36.4,44.33,62.56,2026-01-05T18:00:00
E0115,HAM-JKT,Hamburg,Jakarta,10.2,81.68,19.1,2026-01-05T19:00:00
E0116,MUM-DXB,Mumbai,Dubai,40.62,46.2,83.74,2026-01-05T20:00:00
E0117,HAM-JKT,Hamburg,Jakarta,85.22,80.19,65.24,2026-01-05T21:00:00
E0118,LAX-SIN,Los Angeles,Singapore,12.19,69.92,6.81,2026-01-05T22:00:00
E0119,LAX-SIN,Los Angeles,Singapore,11.27,91.21,48.78,2026-01-05T23:00:00
E0120,SHA-HKG,Shanghai,Hong Kong,68.16,18.94,38.6,2026-01-06T00:00:00
E0121,RTM-NYC,Rotterdam,New York,61.52,86.4,88.12,2026-01-06T01:00:00
E0122,HAM-JKT,Hamburg,Jakarta,97.37,13.93,92.12,2026-01-06T02:00:00
E0123,SGP-SZX,Singapore,Shenzhen,88.87,44.63,7.27,2026-01-06T03:00:00
E0124,HAM-JKT,Hamburg,Jakarta,32.11,70.75,68.11,2026-01-06T04:00:00
E0125,HAM-JKT,Hamburg,Jakarta,58.09,56.94,97.81,2026-01-06T05:00:00
E0126,HAM-JKT,Hamburg,Jakarta,87.44,52.39,69.14,2026-01-06T06:00:00
E0127,SHA-HKG,Shanghai,Hong Kong,10.43,66.51,25.61,2026-01-06T07:00:00
E0128,RTM-NYC,Rotterdam,New York,66.71,64.5,15.72,2026-01-06T08:00:00
E0129,SHA-HKG,Shanghai,Hong Kong,89.31,61.68,2.15,2026-01-06T09:00:00
E0130,LAX-SIN,Los Angeles,Singapore,51.05,47.46,50.09,2026-01-06T10:00:00
E0131,LAX-SIN,Los Angeles,Singapore,8.41,49.67,24.85,2026-01-06T11:00:00
E0132,RTM-NYC,Rotterdam,New York,5.98,23.05,64.69,2026-01-06T12:00:00
E0133,MUM-DXB,Mumbai,Dubai,81.89,8.8,44.97,2026-01-06T13:00:00
E0134,SHA-HKG,Shanghai,Hong Kong,45.36,85.8,45.26,2026-01-06T14:00:00
E0135,SGP-SZX,Singapore,Shenzhen,98.09,74.78,2.76,2026-01-06T15:00:00
E0136,MUM-DXB,Mumbai,Dubai,41.82,56.16,1.02,2026-01-06T16:00:00
E0137,SGP-SZX,Singapore,Shenzhen,79.39,96.35,64.12,2026-01-06T17:00:00
E0138,SHA-HKG,Shanghai,Hong Kong,56.67,65.81,46.16,2026-01-06T18:00:00
E0139,RTM-NYC,Rotterdam,New York,36.97,6.37,23.07,2026-01-06T19:00:00
E0140,MUM-DXB,Mumbai,Dubai,33.87,76.97,60.4,2026-01-06T20:00:00
E0141,HAM-JKT,Hamburg,Jakarta,66.06,71.88,12.29,2026-01-06T21:00:00
E0142,HAM-JKT,Hamburg,Jakarta,22.95,34.79,83.16,2026-01-06T22:00:00
E0143,RTM-NYC,Rotterdam,New York,55.22,38.02,11.53,2026-01-06T23:00:00
E0144,LAX-SIN,Los Angeles,Singapore,49.75,82.36,74.51,2026-01-07T00:00:00
E0145,MUM-DXB,Mumbai,Dubai,11.59,61.47,19.57,2026-01-07T01:00:00
E0146,MUM-DXB,Mumbai,Dubai,22.34,82.63,19.87,2026-01-07T02:00:00
E0147,RTM-NYC,Rotterdam,New York,11.67,42.03,92.74,2026-01-07T03:00:00
E0148,HAM-JKT,Hamburg,Jakarta,59.29,77.44,45.6,2026-01-07T04:00:00
E0149,HAM-JKT,Hamburg,Jakarta,59.34,50.92,96.42,2026-01-07T05:00:00
E0150,SGP-SZX,Singapore,Shenzhen,53.51,5.81,93.6,2026-01-07T06:00:00
E0151,SHA-HKG,Shanghai,Hong Kong,48.81,51.32,92.2,2026-01-07T07:00:00
E0152,LAX-SIN,Los Angeles,Singapore,69.49,18.19,81.71,2026-01-07T08:00:00
E0153,SGP-SZX,Singapore,Shenzhen,39.35,60.45,88.39,2026-01-07T09:00:00
E0154,SHA-HKG,Shanghai,Hong Kong,88.26,42.45,61.29,2026-01-07T10:00:00
E0155,HAM-JKT,Hamburg,Jakarta,76.48,28.09,96.4,2026-01-07T11:00:00
E0156,RTM-NYC,Rotterdam,New York,45.83,14.2,41.86,2026-01-07T12:00:00
E0157,HAM-JKT,Hamburg,Jakarta,88.76,51.72,84.46,2026-01-07T13:00:00
E0158,SHA-HKG,Shanghai,Hong Kong,86.21,71.48,93.62,2026-01-07T14:00:00
E0159,HAM-JKT,Hamburg,Jakarta,22.52,21.76,71.72,2026-01-07T15:00:00
E0160,HAM-JKT,Hamburg,Jakarta,35.18,67.56,98.15,2026-01-07T16:00:00
E0161,HAM-JKT,Hamburg,Jakarta,97.54,18.6,54.71,2026-01-07T17:00:00
E0162,HAM-JKT,Hamburg,Jakarta,32.92,12.43,35.87,2026-01-07T18:00:00
E0163,MUM-DXB,Mumbai,Dubai,58.7,94.32,71.3,2026-01-07T19:00:00
E0164,HAM-JKT,Hamburg,Jakarta,75.04,84.3,29.31,2026-01-07T20:00:00
E0165,MUM-DXB,Mumbai,Dubai,81.02,52.75,3.5,2026-01-07T21:00:00
E0166,LAX-SIN,Los Angeles,Singapore,6.25,6.6,27.43,2026-01-07T22:00:00
E0167,LAX-SIN,Los Angeles,Singapore,98.37,68.66,15.5,2026-01-07T23:00:00
E0168,SGP-SZX,Singapore,Shenzhen,69.37,30.22,75.61,2026-01-08T00:00:00
E0169,SGP-SZX,Singapore,Shenzhen,36.51,45.81,61.99,2026-01-08T01:00:00
E0170,HAM-JKT,Hamburg,Jakarta,74.21,86.62,74.5,2026-01-08T02:00:00
E0171,SHA-HKG,Shanghai,Hong Kong,39.5,51.58,79.89,2026-01-08T03:00:00
E0172,HAM-JKT,Hamburg,Jakarta,29.48,66.78,92.72,2026-01-08T04:00:00
E0173,MUM-DXB,Mumbai,Dubai,42.24,79.02,68.83,2026-01-08T05:00:00
E0174,SHA-HKG,Shanghai,Hong Kong,6.33,74.62,21.11,2026-01-08T06:00:00
E0175,MUM-DXB,Mumbai,Dubai,83.17,91.24,70.76,2026-01-08T07:00:00
E0176,HAM-JKT,Hamburg,Jakarta,37.41,59.25,74.11,2026-01-08T08:00:00
E0177,LAX-SIN,Los Angeles,Singapore,77.84,96.46,30.12,2026-01-08T09:00:00
E0178,LAX-SIN,Los Angeles,Singapore,98.36,8.37,96.29,2026-01-08T10:00:00
E0179,HAM-JKT,Hamburg,Jakarta,51.87,38.34,43.42,2026-01-08T11:00:00
E0180,SHA-HKG,Shanghai,Hong Kong,27.16,16.93,84.76,2026-01-08T12:00:00
E0181,SGP-SZX,Singapore,Shenzhen,33.73,71.26,16.33,2026-01-08T13:00:00
E0182,LAX-SIN,Los Angeles,Singapore,92.93,60.09,77.59,2026-01-08T14:00:00
E0183,HAM-JKT,Hamburg,Jakarta,61.95,66.53,49.56,2026-01-08T15:00:00
E0184,SHA-HKG,Shanghai,Hong Kong,55.47,8.22,71.06,2026-01-08T16:00:00
E0185,SHA-HKG,Shanghai,Hong Kong,22.78,19.2,7.75,2026-01-08T17:00:00
E0186,SHA-HKG,Shanghai,Hong Kong,16.78,54.76,40.94,2026-01-08T18:00:00
E0187,RTM-NYC,Rotterdam,New York,22.9,22.12,33.86,2026-01-08T19:00:00
E0188,RTM-NYC,Rotterdam,New York,30.06,95.08,62.21,2026-01-08T20:00:00
E0189,MUM-DXB,Mumbai,Dubai,99.67,82.55,98.13,2026-01-08T21:00:00
E0190,SGP-SZX,Singapore,Shenzhen,12.36,35.25,24.79,2026-01-08T22:00:00
E0191,HAM-JKT,Hamburg,Jakarta,61.76,62.49,95.93,2026-01-08T23:00:00
E0192,HAM-JKT,Hamburg,Jakarta,88.68,38.76,79.82,2026-01-09T00:00:00
E0193,SGP-SZX,Singapore,Shenzhen,39.2,54.48,29.0,2026-01-09T01:00:00
E0194,SHA-HKG,Shanghai,Hong Kong,82.39,38.12,80.48,2026-01-09T02:00:00
E0195,MUM-DXB,Mumbai,Dubai,49.19,30.35,65.5,2026-01-09T03:00:00
E0196,RTM-NYC,Rotterdam,New York,51.88,94.87,17.57,2026-01-09T04:00:00
E0197,SHA-HKG,Shanghai,Hong Kong,53.79,63.07,21.87,2026-01-09T05:00:00
E0198,HAM-JKT,Hamburg,Jakarta,77.58,86.63,43.0,2026-01-09T06:00:00
E0199,SGP-SZX,Singapore,Shenzhen,21.35,83.05,87.99,2026-01-09T07:00:00
E0200,HAM-JKT,Hamburg,Jakarta,77.75,65.01,94.04,2026-01-09T08:00:00
E0201,HAM-JKT,Hamburg,Jakarta,68.92,3.35,71.97,2026-01-09T09:00:00
E0202,SGP-SZX,Singapore,Shenzhen,9.66,6.37,79.63,2026-01-09T10:00:00
E0203,SHA-HKG,Shanghai,Hong Kong,7.97,82.34,91.19,2026-01-09T11:00:00
E0204,MUM-DXB,Mumbai,Dubai,39.42,63.39,43.87,2026-01-09T12:00:00
E0205,SGP-SZX,Singapore,Shenzhen,39.56,12.71,1.58,2026-01-09T13:00:00
E0206,HAM-JKT,Hamburg,Jakarta,62.22,75.84,58.98,2026-01-09T14:00:00
E0207,HAM-JKT,Hamburg,Jakarta,84.98,36.41,50.78,2026-01-09T15:00:00
E0208,RTM-NYC,Rotterdam,New York,78.9,30.83,9.56,2026-01-09T16:00:00
E0209,MUM-DXB,Mumbai,Dubai,38.76,82.39,4.05,2026-01-09T17:00:00
E0210,LAX-SIN,Los Angeles,Singapore,53.81,14.5,39.71,2026-01-09T18:00:00
E0211,SHA-HKG,Shanghai,Hong Kong,30.2,63.77,30.51,2026-01-09T19:00:00
E0212,HAM-JKT,Hamburg,Jakarta,65.15,95.78,2.1,2026-01-09T20:00:00
E0213,SHA-HKG,Shanghai,Hong Kong,15.0,5.14,57.7,2026-01-09T21:00:00
E0214,MUM-DXB,Mumbai,Dubai,54.18,94.75,31.16,2026-01-09T22:00:00
E0215,HAM-JKT,Hamburg,Jakarta,74.4,72.87,21.96,2026-01-09T23:00:00
E0216,HAM-JKT,Hamburg,Jakarta,85.29,15.1,19.22,2026-01-10T00:00:00
E0217,SHA-HKG,Shanghai,Hong Kong,83.64,20.24,18.95,2026-01-10T01:00:00
E0218,SHA-HKG,Shanghai,Hong Kong,85.37,85.29,93.3,2026-01-10T02:00:00
E0219,SHA-HKG,Shanghai,Hong Kong,46.67,55.42,29.77,2026-01-10T03:00:00
E0220,SGP-SZX,Singapore,Shenzhen,25.82,20.54,58.48,2026-01-10T04:00:00
E0221,RTM-NYC,Rotterdam,New York,36.36,67.46,24.22,2026-01-10T05:00:00
E0222,RTM-NYC,Rotterdam,New York,62.33,90.11,32.46,2026-01-10T06:00:00
E0223,MUM-DXB,Mumbai,Dubai,33.51,66.28,69.65,2026-01-10T07:00:00
E0224,LAX-SIN,Los Angeles,Singapore,56.99,37.08,32.32,2026-01-10T08:00:00
E0225,MUM-DXB,Mumbai,Dubai,17.7,32.01,78.78,2026-01-10T09:00:00
E0226,HAM-JKT,Hamburg,Jakarta,74.24,44.18,84.17,2026-01-10T10:00:00
E0227,LAX-SIN,Los Angeles,Singapore,68.28,33.82,48.52,2026-01-10T11:00:00
E0228,MUM-DXB,Mumbai,Dubai,36.52,31.24,55.62,2026-01-10T12:00:00
E0229,LAX-SIN,Los Angeles,Singapore,64.91,9.12,28.78,2026-01-10T13:00:00
E0230,LAX-SIN,Los Angeles,Singapore,89.24,20.45,73.62,2026-01-10T14:00:00
E0231,HAM-JKT,Hamburg,Jakarta,8.57,8.46,2.84,2026-01-10T15:00:00
E0232,SHA-HKG,Shanghai,Hong Kong,63.53,81.45,58.31,2026-01-10T16:00:00
E0233,SHA-HKG,Shanghai,Hong Kong,22.06,4.63,26.8,2026-01-10T17:00:00
E0234,SHA-HKG,Shanghai,Hong Kong,47.74,77.74,37.22,2026-01-10T18:00:00
E0235,LAX-SIN,Los Angeles,Singapore,89.25,59.37,85.86,2026-01-10T19:00:00
E0236,LAX-SIN,Los Angeles,Singapore,47.01,51.53,40.28,2026-01-10T20:00:00
E0237,SHA-HKG,Shanghai,Hong Kong,2.05,24.65,96.44,2026-01-10T21:00:00
E0238,SHA-HKG,Shanghai,Hong Kong,68.73,75.96,14.9,2026-01-10T22:00:00
E0239,LAX-SIN,Los Angeles,Singapore,18.74,94.92,66.28,2026-01-10T23:00:00
E0240,LAX-SIN,Los Angeles,Singapore,73.86,48.87,36.52,2026-01-11T00:00:00
E0241,LAX-SIN,Los Angeles,Singapore,76.39,23.94,27.17,2026-01-11T01:00:00
E0242,LAX-SIN,Los Angeles,Singapore,5.24,21.47,90.86,2026-01-11T02:00:00
E0243,RTM-NYC,Rotterdam,New York,39.42,91.87,88.27,2026-01-11T03:00:00
E0244,SGP-SZX,Singapore,Shenzhen,98.08,33.08,70.67,2026-01-11T04:00:00
E0245,SHA-HKG,Shanghai,Hong Kong,63.72,28.08,74.45,2026-01-11T05:00:00
E0246,SHA-HKG,Shanghai,Hong Kong,54.89,18.21,65.71,2026-01-11T06:00:00
E0247,RTM-NYC,Rotterdam,New York,59.18,89.92,8.71,2026-01-11T07:00:00
E0248,RTM-NYC,Rotterdam,New York,38.26,90.82,52.12,2026-01-11T08:00:00
E0249,RTM-NYC,Rotterdam,New York,81.91,35.16,79.47,2026-01-11T09:00:00
E0250,SHA-HKG,Shanghai,Hong Kong,1.65,88.32,44.55,2026-01-11T10:00:00
E0251,LAX-SIN,Los Angeles,Singapore,8.63,64.7,21.94,2026-01-11T11:00:00
E0252,LAX-SIN,Los Angeles,Singapore,16.58,60.6,81.88,2026-01-11T12:00:00
E0253,HAM-JKT,Hamburg,Jakarta,23.8,81.31,72.31,2026-01-11T13:00:00
E0254,MUM-DXB,Mumbai,Dubai,67.85,48.42,59.49,2026-01-11T14:00:00
E0255,HAM-JKT,Hamburg,Jakarta,83.5,3.22,5.27,2026-01-11T15:00:00
E0256,SHA-HKG,Shanghai,Hong Kong,59.64,14.34,51.75,2026-01-11T16:00:00
E0257,SHA-HKG,Shanghai,Hong Kong,15.54,17.47,92.32,2026-01-11T17:00:00
E0258,SHA-HKG,Shanghai,Hong Kong,95.87,60.34,56.8,2026-01-11T18:00:00
E0259,SGP-SZX,Singapore,Shenzhen,87.97,73.07,82.31,2026-01-11T19:00:00
E0260,SGP-SZX,Singapore,Shenzhen,22.44,61.05,47.67,2026-01-11T20:00:00
E0261,MUM-DXB,Mumbai,Dubai,17.89,83.21,60.48,2026-01-11T21:00:00
E0262,SHA-HKG,Shanghai,Hong Kong,82.22,19.01,66.31,2026-01-11T22:00:00
E0263,RTM-NYC,Rotterdam,New York,17.6,68.87,92.31,2026-01-11T23:00:00
E0264,SHA-HKG,Shanghai,Hong Kong,59.47,23.75,39.16,2026-01-12T00:00:00
E0265,SGP-SZX,Singapore,Shenzhen,2.64,52.75,91.02,2026-01-12T01:00:00
E0266,HAM-JKT,Hamburg,Jakarta,42.56,15.81,10.53,2026-01-12T02:00:00
E0267,MUM-DXB,Mumbai,Dubai,90.26,60.38,87.9,2026-01-12T03:00:00
E0268,SHA-HKG,Shanghai,Hong Kong,50.83,12.63,48.74,2026-01-12T04:00:00
E0269,LAX-SIN,Los Angeles,Singapore,90.3,54.39,1.12,2026-01-12T05:00:00
E0270,HAM-JKT,Hamburg,Jakarta,65.27,52.68,37.67,2026-01-12T06:00:00
E0271,SGP-SZX,Singapore,Shenzhen,70.07,43.47,93.9,2026-01-12T07:00:00
E0272,MUM-DXB,Mumbai,Dubai,79.17,38.74,59.32,2026-01-12T08:00:00
E0273,HAM-JKT,Hamburg,Jakarta,90.88,83.88,58.04,2026-01-12T09:00:00
E0274,MUM-DXB,Mumbai,Dubai,14.25,48.24,24.02,2026-01-12T10:00:00
E0275,SGP-SZX,Singapore,Shenzhen,29.04,87.8,41.46,2026-01-12T11:00:00
E0276,LAX-SIN,Los Angeles,Singapore,1.54,74.62,1.7,2026-01-12T12:00:00
E0277,SHA-HKG,Shanghai,Hong Kong,12.67,1.71,65.8,2026-01-12T13:00:00
E0278,HAM-JKT,Hamburg,Jakarta,80.62,41.48,11.55,2026-01-12T14:00:00
E0279,MUM-DXB,Mumbai,Dubai,65.51,26.11,85.64,2026-01-12T15:00:00
E0280,MUM-DXB,Mumbai,Dubai,56.9,61.58,99.19,2026-01-12T16:00:00
E0281,MUM-DXB,Mumbai,Dubai,75.74,41.91,78.6,2026-01-12T17:00:00
E0282,MUM-DXB,Mumbai,Dubai,18.69,56.35,48.89,2026-01-12T18:00:00
E0283,RTM-NYC,Rotterdam,New York,58.19,77.65,40.41,2026-01-12T19:00:00
E0284,LAX-SIN,Los Angeles,Singapore,85.64,66.27,75.03,2026-01-12T20:00:00
E0285,MUM-DXB,Mumbai,Dubai,78.53,94.98,10.93,2026-01-12T21:00:00
E0286,SHA-HKG,Shanghai,Hong Kong,40.66,34.51,55.51,2026-01-12T22:00:00
E0287,HAM-JKT,Hamburg,Jakarta,68.77,6.15,39.52,2026-01-12T23:00:00
E0288,HAM-JKT,Hamburg,Jakarta,1.52,10.02,15.39,2026-01-13T00:00:00
E0289,SHA-HKG,Shanghai,Hong Kong,44.1,7.34,22.96,2026-01-13T01:00:00
E0290,SGP-SZX,Singapore,Shenzhen,61.29,72.72,93.14,2026-01-13T02:00:00
E0291,MUM-DXB,Mumbai,Dubai,61.78,52.58,71.45,2026-01-13T03:00:00
E0292,SHA-HKG,Shanghai,Hong Kong,6.69,77.59,18.35,2026-01-13T04:00:00
E0293,MUM-DXB,Mumbai,Dubai,44.46,20.97,66.03,2026-01-13T05:00:00
E0294,SHA-HKG,Shanghai,Hong Kong,29.31,4.33,60.35,2026-01-13T06:00:00
E0295,SHA-HKG,Shanghai,Hong Kong,70.15,61.9,67.73,2026-01-13T07:00:00
E0296,RTM-NYC,Rotterdam,New York,24.69,1.03,16.59,2026-01-13T08:00:00
E0297,RTM-NYC,Rotterdam,New York,78.19,35.96,40.12,2026-01-13T09:00:00
E0298,SHA-HKG,Shanghai,Hong Kong,20.83,2.52,70.66,2026-01-13T10:00:00
E0299,SGP-SZX,Singapore,Shenzhen,55.41,72.89,56.35,2026-01-13T11:00:00
E0300,SHA-HKG,Shanghai,Hong Kong,35.46,96.37,28.37,2026-01-13T12:00:00
E0301,SHA-HKG,Shanghai,Hong Kong,96.34,46.02,40.99,2026-01-13T13:00:00
E0302,SGP-SZX,Singapore,Shenzhen,26.85,41.31,11.54,2026-01-13T14:00:00
E0303,SGP-SZX,Singapore,Shenzhen,50.81,34.66,12.58,2026-01-13T15:00:00
E0304,SHA-HKG,Shanghai,Hong Kong,95.71,87.74,81.5,2026-01-13T16:00:00
E0305,SHA-HKG,Shanghai,Hong Kong,25.76,44.83,38.33,2026-01-13T17:00:00
E0306,MUM-DXB,Mumbai,Dubai,77.23,75.99,96.16,2026-01-13T18:00:00
E0307,MUM-DXB,Mumbai,Dubai,68.48,89.76,86.34,2026-01-13T19:00:00
E0308,MUM-DXB,Mumbai,Dubai,12.51,7.69,63.73,2026-01-13T20:00:00
E0309,LAX-SIN,Los Angeles,Singapore,68.01,23.76,32.26,2026-01-13T21:00:00
E0310,RTM-NYC,Rotterdam,New York,52.13,1.96,83.39,2026-01-13T22:00:00
E0311,LAX-SIN,Los Angeles,Singapore,29.44,40.49,75.13,2026-01-13T23:00:00
E0312,RTM-NYC,Rotterdam,New York,8.53,93.21,48.18,2026-01-14T00:00:00
E0313,RTM-NYC,Rotterdam,New York,22.64,57.8,19.1,2026-01-14T01:00:00
E0314,HAM-JKT,Hamburg,Jakarta,68.63,91.08,50.4,2026-01-14T02:00:00
E0315,LAX-SIN,Los Angeles,Singapore,24.25,24.96,27.28,2026-01-14T03:00:00
E0316,LAX-SIN,Los Angeles,Singapore,21.07,25.72,62.24,2026-01-14T04:00:00
E0317,LAX-SIN,Los Angeles,Singapore,78.11,12.87,8.77,2026-01-14T05:00:00
E0318,HAM-JKT,Hamburg,Jakarta,49.77,1.66,85.85,2026-01-14T06:00:00
E0319,SGP-SZX,Singapore,Shenzhen,84.95,37.75,32.23,2026-01-14T07:00:00
E0320,SHA-HKG,Shanghai,Hong Kong,87.01,49.59,98.46,2026-01-14T08:00:00
E0321,SHA-HKG,Shanghai,Hong Kong,28.75,22.99,58.09,2026-01-14T09:00:00
E0322,SGP-SZX,Singapore,Shenzhen,53.05,42.89,94.03,2026-01-14T10:00:00
E0323,SGP-SZX,Singapore,Shenzhen,50.75,39.98,68.95,2026-01-14T11:00:00
E0324,LAX-SIN,Los Angeles,Singapore,46.26,12.92,52.3,2026-01-14T12:00:00
E0325,RTM-NYC,Rotterdam,New York,69.23,2.17,21.86,2026-01-14T13:00:00
E0326,SHA-HKG,Shanghai,Hong Kong,10.97,36.8,86.32,2026-01-14T14:00:00
E0327,LAX-SIN,Los Angeles,Singapore,55.31,24.48,47.66,2026-01-14T15:00:00
E0328,SHA-HKG,Shanghai,Hong Kong,34.97,19.21,42.97,2026-01-14T16:00:00
E0329,MUM-DXB,Mumbai,Dubai,70.37,37.86,85.58,2026-01-14T17:00:00
E0330,RTM-NYC,Rotterdam,New York,45.62,57.57,97.95,2026-01-14T18:00:00
E0331,HAM-JKT,Hamburg,Jakarta,23.63,10.89,27.72,2026-01-14T19:00:00
E0332,LAX-SIN,Los Angeles,Singapore,55.98,85.77,20.41,2026-01-14T20:00:00
E0333,HAM-JKT,Hamburg,Jakarta,15.81,80.76,18.48,2026-01-14T21:00:00
E0334,MUM-DXB,Mumbai,Dubai,14.31,89.43,63.43,2026-01-14T22:00:00
E0335,SHA-HKG,Shanghai,Hong Kong,72.34,78.75,30.7,2026-01-14T23:00:00
E0336,SHA-HKG,Shanghai,Hong Kong,85.99,5.72,10.8,2026-01-15T00:00:00
E0337,LAX-SIN,Los Angeles,Singapore,6.94,81.57,48.18,2026-01-15T01:00:00
E0338,HAM-JKT,Hamburg,Jakarta,10.53,74.71,26.72,2026-01-15T02:00:00
E0339,RTM-NYC,Rotterdam,New York,56.47,93.25,26.51,2026-01-15T03:00:00
E0340,SGP-SZX,Singapore,Shenzhen,41.76,35.76,68.28,2026-01-15T04:00:00
E0341,SHA-HKG,Shanghai,Hong Kong,20.7,58.01,65.26,2026-01-15T05:00:00
E0342,LAX-SIN,Los Angeles,Singapore,97.96,29.18,33.18,2026-01-15T06:00:00
E0343,SHA-HKG,Shanghai,Hong Kong,49.26,73.92,89.07,2026-01-15T07:00:00
E0344,MUM-DXB,Mumbai,Dubai,61.75,46.91,95.7,2026-01-15T08:00:00
E0345,LAX-SIN,Los Angeles,Singapore,64.42,92.93,42.76,2026-01-15T09:00:00
E0346,SHA-HKG,Shanghai,Hong Kong,57.59,85.04,8.06,2026-01-15T10:00:00
E0347,LAX-SIN,Los Angeles,Singapore,35.02,32.03,65.65,2026-01-15T11:00:00
E0348,HAM-JKT,Hamburg,Jakarta,27.48,64.82,27.85,2026-01-15T12:00:00
E0349,MUM-DXB,Mumbai,Dubai,78.32,93.94,75.04,2026-01-15T13:00:00
E0350,SHA-HKG,Shanghai,Hong Kong,96.59,41.98,19.2,2026-01-15T14:00:00
E0351,SGP-SZX,Singapore,Shenzhen,13.38,24.23,25.91,2026-01-15T15:00:00
E0352,HAM-JKT,Hamburg,Jakarta,70.37,8.93,17.52,2026-01-15T16:00:00
E0353,SGP-SZX,Singapore,Shenzhen,10.46,93.74,47.85,2026-01-15T17:00:00
E0354,SGP-SZX,Singapore,Shenzhen,3.61,40.3,76.73,2026-01-15T18:00:00
E0355,SGP-SZX,Singapore,Shenzhen,11.29,62.19,9.35,2026-01-15T19:00:00
E0356,MUM-DXB,Mumbai,Dubai,31.63,25.49,29.13,2026-01-15T20:00:00
E0357,HAM-JKT,Hamburg,Jakarta,13.51,53.15,17.89,2026-01-15T21:00:00
E0358,SGP-SZX,Singapore,Shenzhen,66.69,86.18,33.19,2026-01-15T22:00:00
E0359,MUM-DXB,Mumbai,Dubai,47.25,87.22,93.55,2026-01-15T23:00:00
E0360,SHA-HKG,Shanghai,Hong Kong,45.04,96.98,70.06,2026-01-16T00:00:00
E0361,LAX-SIN,Los Angeles,Singapore,59.49,46.2,75.14,2026-01-16T01:00:00
E0362,SHA-HKG,Shanghai,Hong Kong,44.06,64.34,53.84,2026-01-16T02:00:00
E0363,RTM-NYC,Rotterdam,New York,48.68,23.49,9.87,2026-01-16T03:00:00
E0364,RTM-NYC,Rotterdam,New York,37.21,26.72,31.05,2026-01-16T04:00:00
E0365,SGP-SZX,Singapore,Shenzhen,52.81,76.07,14.49,2026-01-16T05:00:00
E0366,RTM-NYC,Rotterdam,New York,47.45,1.82,92.29,2026-01-16T06:00:00
E0367,MUM-DXB,Mumbai,Dubai,30.66,76.82,80.0,2026-01-16T07:00:00
E0368,SHA-HKG,Shanghai,Hong Kong,23.89,1.71,37.99,2026-01-16T08:00:00
E0369,MUM-DXB,Mumbai,Dubai,88.33,44.27,25.74,2026-01-16T09:00:00
E0370,HAM-JKT,Hamburg,Jakarta,73.97,39.58,38.46,2026-01-16T10:00:00
E0371,RTM-NYC,Rotterdam,New York,8.84,62.91,52.14,2026-01-16T11:00:00
E0372,SHA-HKG,Shanghai,Hong Kong,80.95,68.78,29.18,2026-01-16T12:00:00
E0373,HAM-JKT,Hamburg,Jakarta,53.66,27.61,19.61,2026-01-16T13:00:00
E0374,SGP-SZX,Singapore,Shenzhen,19.06,29.67,64.05,2026-01-16T14:00:00
E0375,SHA-HKG,Shanghai,Hong Kong,45.82,70.35,49.71,2026-01-16T15:00:00
E0376,RTM-NYC,Rotterdam,New York,2.92,5.91,53.96,2026-01-16T16:00:00
E0377,LAX-SIN,Los Angeles,Singapore,97.26,28.93,13.38,2026-01-16T17:00:00
E0378,MUM-DXB,Mumbai,Dubai,72.98,24.05,15.92,2026-01-16T18:00:00
E0379,MUM-DXB,Mumbai,Dubai,22.5,42.6,78.79,2026-01-16T19:00:00
E0380,MUM-DXB,Mumbai,Dubai,99.8,46.9,79.35,2026-01-16T20:00:00
E0381,RTM-NYC,Rotterdam,New York,8.94,75.31,15.46,2026-01-16T21:00:00
E0382,RTM-NYC,Rotterdam,New York,77.79,8.07,47.54,2026-01-16T22:00:00
E0383,LAX-SIN,Los Angeles,Singapore,89.67,25.76,38.78,2026-01-16T23:00:00
E0384,SGP-SZX,Singapore,Shenzhen,13.07,77.05,25.65,2026-01-17T00:00:00
E0385,MUM-DXB,Mumbai,Dubai,25.47,99.46,20.72,2026-01-17T01:00:00
E0386,HAM-JKT,Hamburg,Jakarta,77.33,52.59,98.23,2026-01-17T02:00:00
E0387,MUM-DXB,Mumbai,Dubai,39.52,96.16,93.69,2026-01-17T03:00:00
E0388,LAX-SIN,Los Angeles,Singapore,63.29,5.18,93.8,2026-01-17T04:00:00
E0389,SHA-HKG,Shanghai,Hong Kong,13.09,48.64,30.58,2026-01-17T05:00:00
E0390,RTM-NYC,Rotterdam,New York,88.86,86.5,22.56,2026-01-17T06:00:00
E0391,SGP-SZX,Singapore,Shenzhen,24.36,43.98,2.49,2026-01-17T07:00:00
E0392,RTM-NYC,Rotterdam,New York,58.88,40.19,25.07,2026-01-17T08:00:00
E0393,SGP-SZX,Singapore,Shenzhen,58.53,69.38,69.15,2026-01-17T09:00:00
E0394,LAX-SIN,Los Angeles,Singapore,37.77,9.86,16.61,2026-01-17T10:00:00
E0395,SGP-SZX,Singapore,Shenzhen,68.91,34.5,97.0,2026-01-17T11:00:00
E0396,HAM-JKT,Hamburg,Jakarta,6.95,36.2,16.24,2026-01-17T12:00:00
E0397,SHA-HKG,Shanghai,Hong Kong,79.36,13.46,24.03,2026-01-17T13:00:00
E0398,SHA-HKG,Shanghai,Hong Kong,79.07,75.91,80.75,2026-01-17T14:00:00
E0399,MUM-DXB,Mumbai,Dubai,73.59,3.11,38.4,2026-01-17T15:00:00
E0400,HAM-JKT,Hamburg,Jakarta,14.34,89.97,49.04,2026-01-17T16:00:00
E0401,MUM-DXB,Mumbai,Dubai,56.34,54.73,49.52,2026-01-17T17:00:00
E0402,SHA-HKG,Shanghai,Hong Kong,19.48,35.42,73.51,2026-01-17T18:00:00
E0403,RTM-NYC,Rotterdam,New York,86.9,60.27,86.2,2026-01-17T19:00:00
E0404,LAX-SIN,Los Angeles,Singapore,7.82,16.35,30.27,2026-01-17T20:00:00
E0405,RTM-NYC,Rotterdam,New York,54.62,45.95,77.82,2026-01-17T21:00:00
E0406,SHA-HKG,Shanghai,Hong Kong,38.53,19.37,2.85,2026-01-17T22:00:00
E0407,RTM-NYC,Rotterdam,New York,77.83,24.64,72.38,2026-01-17T23:00:00
E0408,HAM-JKT,Hamburg,Jakarta,96.75,82.09,19.8,2026-01-18T00:00:00
E0409,HAM-JKT,Hamburg,Jakarta,50.26,55.6,61.69,2026-01-18T01:00:00
E0410,RTM-NYC,Rotterdam,New York,41.57,32.88,10.53,2026-01-18T02:00:00
E0411,HAM-JKT,Hamburg,Jakarta,7.6,83.68,13.85,2026-01-18T03:00:00
E0412,SGP-SZX,Singapore,Shenzhen,21.01,49.05,10.78,2026-01-18T04:00:00
E0413,SHA-HKG,Shanghai,Hong Kong,64.53,39.47,49.5,2026-01-18T05:00:00
E0414,SHA-HKG,Shanghai,Hong Kong,70.43,26.34,37.27,2026-01-18T06:00:00
E0415,SHA-HKG,Shanghai,Hong Kong,72.07,2.3,92.18,2026-01-18T07:00:00
E0416,HAM-JKT,Hamburg,Jakarta,49.65,89.09,8.92,2026-01-18T08:00:00
E0417,HAM-JKT,Hamburg,Jakarta,7.01,56.24,93.89,2026-01-18T09:00:00
E0418,MUM-DXB,Mumbai,Dubai,82.38,79.63,6.77,2026-01-18T10:00:00
E0419,SHA-HKG,Shanghai,Hong Kong,27.32,5.02,7.97,2026-01-18T11:00:00
E0420,RTM-NYC,Rotterdam,New York,8.72,22.37,52.43,2026-01-18T12:00:00
E0421,SGP-SZX,Singapore,Shenzhen,72.79,53.63,19.76,2026-01-18T13:00:00
E0422,SHA-HKG,Shanghai,Hong Kong,66.03,57.43,94.8,2026-01-18T14:00:00
E0423,SHA-HKG,Shanghai,Hong Kong,75.17,42.1,11.45,2026-01-18T15:00:00
E0424,HAM-JKT,Hamburg,Jakarta,58.08,67.77,70.55,2026-01-18T16:00:00
E0425,MUM-DXB,Mumbai,Dubai,88.4,17.51,18.86,2026-01-18T17:00:00
E0426,MUM-DXB,Mumbai,Dubai,50.96,66.1,53.86,2026-01-18T18:00:00
E0427,SHA-HKG,Shanghai,Hong Kong,44.86,35.88,32.2,2026-01-18T19:00:00
E0428,RTM-NYC,Rotterdam,New York,84.64,41.82,63.69,2026-01-18T20:00:00
E0429,HAM-JKT,Hamburg,Jakarta,33.02,24.83,55.02,2026-01-18T21:00:00
E0430,MUM-DXB,Mumbai,Dubai,76.81,92.69,26.15,2026-01-18T22:00:00
E0431,MUM-DXB,Mumbai,Dubai,45.3,40.31,72.91,2026-01-18T23:00:00
E0432,RTM-NYC,Rotterdam,New York,59.98,52.24,99.35,2026-01-19T00:00:00
E0433,RTM-NYC,Rotterdam,New York,1.65,98.46,22.27,2026-01-19T01:00:00
E0434,RTM-NYC,Rotterdam,New York,3.15,82.37,69.28,2026-01-19T02:00:00
E0435,RTM-NYC,Rotterdam,New York,91.99,51.62,57.5,2026-01-19T03:00:00
E0436,SHA-HKG,Shanghai,Hong Kong,16.32,4.74,36.21,2026-01-19T04:00:00
E0437,LAX-SIN,Los Angeles,Singapore,27.23,89.07,25.74,2026-01-19T05:00:00
E0438,RTM-NYC,Rotterdam,New York,81.3,10.1,40.58,2026-01-19T06:00:00
E0439,LAX-SIN,Los Angeles,Singapore,73.69,72.63,79.5,2026-01-19T07:00:00
E0440,LAX-SIN,Los Angeles,Singapore,49.34,90.0,70.58,2026-01-19T08:00:00
E0441,SGP-SZX,Singapore,Shenzhen,59.93,30.74,73.35,2026-01-19T09:00:00
E0442,SHA-HKG,Shanghai,Hong Kong,38.77,78.23,92.27,2026-01-19T10:00:00
E0443,RTM-NYC,Rotterdam,New York,35.45,81.9,42.24,2026-01-19T11:00:00
E0444,SGP-SZX,Singapore,Shenzhen,87.11,23.45,65.63,2026-01-19T12:00:00
E0445,SHA-HKG,Shanghai,Hong Kong,92.94,63.75,63.59,2026-01-19T13:00:00
E0446,SGP-SZX,Singapore,Shenzhen,31.17,5.08,54.45,2026-01-19T14:00:00
E0447,LAX-SIN,Los Angeles,Singapore,33.36,70.08,16.17,2026-01-19T15:00:00
E0448,HAM-JKT,Hamburg,Jakarta,73.43,39.9,45.12,2026-01-19T16:00:00
E0449,SHA-HKG,Shanghai,Hong Kong,57.95,9.92,43.76,2026-01-19T17:00:00
E0450,MUM-DXB,Mumbai,Dubai,15.65,34.28,48.11,2026-01-19T18:00:00
E0451,HAM-JKT,Hamburg,Jakarta,5.88,40.52,9.42,2026-01-19T19:00:00
E0452,SHA-HKG,Shanghai,Hong Kong,44.01,70.09,76.44,2026-01-19T20:00:00
E0453,MUM-DXB,Mumbai,Dubai,56.37,49.3,65.57,2026-01-19T21:00:00
E0454,LAX-SIN,Los Angeles,Singapore,56.56,99.71,52.9,2026-01-19T22:00:00
E0455,LAX-SIN,Los Angeles,Singapore,8.09,77.9,33.02,2026-01-19T23:00:00
E0456,SHA-HKG,Shanghai,Hong Kong,9.87,67.5,42.93,2026-01-20T00:00:00
E0457,RTM-NYC,Rotterdam,New York,19.86,35.11,65.89,2026-01-20T01:00:00
E0458,RTM-NYC,Rotterdam,New York,17.76,35.62,82.34,2026-01-20T02:00:00
E0459,MUM-DXB,Mumbai,Dubai,62.7,44.61,92.5,2026-01-20T03:00:00
E0460,LAX-SIN,Los Angeles,Singapore,20.77,38.01,76.02,2026-01-20T04:00:00
E0461,SGP-SZX,Singapore,Shenzhen,12.12,6.4,94.95,2026-01-20T05:00:00
E0462,LAX-SIN,Los Angeles,Singapore,87.01,82.19,2.36,2026-01-20T06:00:00
E0463,HAM-JKT,Hamburg,Jakarta,80.62,31.21,47.65,2026-01-20T07:00:00
E0464,RTM-NYC,Rotterdam,New York,21.69,54.26,21.18,2026-01-20T08:00:00
E0465,SHA-HKG,Shanghai,Hong Kong,75.29,55.33,62.68,2026-01-20T09:00:00
E0466,LAX-SIN,Los Angeles,Singapore,69.81,67.16,38.28,2026-01-20T10:00:00
E0467,HAM-JKT,Hamburg,Jakarta,53.15,26.29,6.95,2026-01-20T11:00:00
E0468,LAX-SIN,Los Angeles,Singapore,79.13,62.18,6.26,2026-01-20T12:00:00
E0469,HAM-JKT,Hamburg,Jakarta,94.57,7.59,66.38,2026-01-20T13:00:00
E0470,HAM-JKT,Hamburg,Jakarta,85.36,66.35,86.56,2026-01-20T14:00:00
E0471,SGP-SZX,Singapore,Shenzhen,29.96,88.46,39.27,2026-01-20T15:00:00
E0472,MUM-DXB,Mumbai,Dubai,51.35,71.26,90.48,2026-01-20T16:00:00
E0473,MUM-DXB,Mumbai,Dubai,86.81,53.62,19.46,2026-01-20T17:00:00
E0474,SHA-HKG,Shanghai,Hong Kong,96.71,56.51,71.53,2026-01-20T18:00:00
E0475,SGP-SZX,Singapore,Shenzhen,25.49,53.41,34.02,2026-01-20T19:00:00
E0476,MUM-DXB,Mumbai,Dubai,74.69,2.82,68.75,2026-01-20T20:00:00
E0477,RTM-NYC,Rotterdam,New York,62.9,24.38,97.85,2026-01-20T21:00:00
E0478,SHA-HKG,Shanghai,Hong Kong,28.31,7.14,26.51,2026-01-20T22:00:00
E0479,MUM-DXB,Mumbai,Dubai,89.15,81.67,3.92,2026-01-20T23:00:00
E0480,SHA-HKG,Shanghai,Hong Kong,94.96,23.33,34.84,2026-01-21T00:00:00
E0481,MUM-DXB,Mumbai,Dubai,66.04,9.69,38.84,2026-01-21T01:00:00
E0482,HAM-JKT,Hamburg,Jakarta,61.63,62.93,23.52,2026-01-21T02:00:00
E0483,LAX-SIN,Los Angeles,Singapore,57.72,43.22,31.93,2026-01-21T03:00:00
E0484,SHA-HKG,Shanghai,Hong Kong,33.6,54.68,21.47,2026-01-21T04:00:00
E0485,LAX-SIN,Los Angeles,Singapore,58.52,68.72,21.03,2026-01-21T05:00:00
E0486,LAX-SIN,Los Angeles,Singapore,31.59,70.81,52.86,2026-01-21T06:00:00
E0487,LAX-SIN,Los Angeles,Singapore,43.58,90.99,77.23,2026-01-21T07:00:00
E0488,HAM-JKT,Hamburg,Jakarta,93.37,91.79,32.43,2026-01-21T08:00:00
E0489,SHA-HKG,Shanghai,Hong Kong,53.76,72.22,19.23,2026-01-21T09:00:00
E0490,LAX-SIN,Los Angeles,Singapore,72.98,76.78,88.13,2026-01-21T10:00:00
E0491,MUM-DXB,Mumbai,Dubai,96.16,31.03,74.82,2026-01-21T11:00:00
E0492,HAM-JKT,Hamburg,Jakarta,93.39,28.11,78.13,2026-01-21T12:00:00
E0493,SGP-SZX,Singapore,Shenzhen,14.02,3.59,98.61,2026-01-21T13:00:00
E0494,SHA-HKG,Shanghai,Hong Kong,27.42,57.14,23.86,2026-01-21T14:00:00
E0495,LAX-SIN,Los Angeles,Singapore,23.86,3.58,8.87,2026-01-21T15:00:00
E0496,MUM-DXB,Mumbai,Dubai,14.27,84.77,47.41,2026-01-21T16:00:00
E0497,HAM-JKT,Hamburg,Jakarta,38.02,85.36,49.65,2026-01-21T17:00:00
E0498,LAX-SIN,Los Angeles,Singapore,17.21,23.4,41.45,2026-01-21T18:00:00
E0499,SGP-SZX,Singapore,Shenzhen,92.62,95.07,23.03,2026-01-21T19:00:00
E0500,HAM-JKT,Hamburg,Jakarta,98.84,76.02,7.55,2026-01-21T20:00:00
E0501,MUM-DXB,Mumbai,Dubai,86.85,49.5,33.16,2026-01-21T21:00:00
E0502,MUM-DXB,Mumbai,Dubai,88.87,43.33,77.85,2026-01-21T22:00:00
E0503,SHA-HKG,Shanghai,Hong Kong,73.8,38.66,31.98,2026-01-21T23:00:00
E0504,SHA-HKG,Shanghai,Hong Kong,93.97,57.62,54.08,2026-01-22T00:00:00
E0505,HAM-JKT,Hamburg,Jakarta,87.7,78.91,52.54,2026-01-22T01:00:00
E0506,MUM-DXB,Mumbai,Dubai,46.23,87.9,87.9,2026-01-22T02:00:00
E0507,LAX-SIN,Los Angeles,Singapore,52.35,40.17,73.78,2026-01-22T03:00:00
E0508,SHA-HKG,Shanghai,Hong Kong,39.35,76.75,96.3,2026-01-22T04:00:00
E0509,LAX-SIN,Los Angeles,Singapore,29.83,40.41,31.15,2026-01-22T05:00:00
E0510,RTM-NYC,Rotterdam,New York,46.67,42.82,61.7,2026-01-22T06:00:00
E0511,SGP-SZX,Singapore,Shenzhen,69.31,90.46,46.89,2026-01-22T07:00:00
E0512,HAM-JKT,Hamburg,Jakarta,45.72,72.54,12.2,2026-01-22T08:00:00
E0513,SHA-HKG,Shanghai,Hong Kong,93.85,69.92,14.4,2026-01-22T09:00:00
E0514,MUM-DXB,Mumbai,Dubai,33.02,3.47,45.91,2026-01-22T10:00:00
E0515,HAM-JKT,Hamburg,Jakarta,89.68,88.37,9.93,2026-01-22T11:00:00
E0516,RTM-NYC,Rotterdam,New York,69.48,90.81,79.85,2026-01-22T12:00:00
E0517,HAM-JKT,Hamburg,Jakarta,73.59,10.03,70.92,2026-01-22T13:00:00
E0518,HAM-JKT,Hamburg,Jakarta,36.93,52.86,39.02,2026-01-22T14:00:00
E0519,SHA-HKG,Shanghai,Hong Kong,61.6,16.83,55.48,2026-01-22T15:00:00
E0520,SGP-SZX,Singapore,Shenzhen,77.06,91.31,56.98,2026-01-22T16:00:00
E0521,HAM-JKT,Hamburg,Jakarta,86.4,17.05,15.32,2026-01-22T17:00:00
E0522,HAM-JKT,Hamburg,Jakarta,6.08,31.5,73.29,2026-01-22T18:00:00
E0523,MUM-DXB,Mumbai,Dubai,29.59,18.89,89.96,2026-01-22T19:00:00
E0524,LAX-SIN,Los Angeles,Singapore,1.35,76.77,2.21,2026-01-22T20:00:00
E0525,MUM-DXB,Mumbai,Dubai,85.69,54.81,1.57,2026-01-22T21:00:00
E0526,MUM-DXB,Mumbai,Dubai,24.55,59.3,48.1,2026-01-22T22:00:00
E0527,MUM-DXB,Mumbai,Dubai,44.75,60.52,1.65,2026-01-22T23:00:00
E0528,SHA-HKG,Shanghai,Hong Kong,28.53,63.23,82.19,2026-01-23T00:00:00
E0529,LAX-SIN,Los Angeles,Singapore,5.84,15.68,65.67,2026-01-23T01:00:00
E0530,SGP-SZX,Singapore,Shenzhen,15.39,4.21,58.23,2026-01-23T02:00:00
E0531,SHA-HKG,Shanghai,Hong Kong,30.55,92.12,5.85,2026-01-23T03:00:00
E0532,MUM-DXB,Mumbai,Dubai,99.38,16.97,29.15,2026-01-23T04:00:00
E0533,HAM-JKT,Hamburg,Jakarta,69.46,59.9,78.94,2026-01-23T05:00:00
E0534,LAX-SIN,Los Angeles,Singapore,96.66,75.18,36.66,2026-01-23T06:00:00
E0535,SGP-SZX,Singapore,Shenzhen,10.22,30.63,37.49,2026-01-23T07:00:00
E0536,MUM-DXB,Mumbai,Dubai,82.21,76.09,84.49,2026-01-23T08:00:00
E0537,SGP-SZX,Singapore,Shenzhen,29.99,14.32,69.77,2026-01-23T09:00:00
E0538,RTM-NYC,Rotterdam,New York,33.59,41.96,21.77,2026-01-23T10:00:00
E0539,LAX-SIN,Los Angeles,Singapore,61.59,11.82,73.24,2026-01-23T11:00:00
E0540,HAM-JKT,Hamburg,Jakarta,53.37,9.68,72.68,2026-01-23T12:00:00
E0541,SHA-HKG,Shanghai,Hong Kong,93.46,98.64,29.43,2026-01-23T13:00:00
E0542,SHA-HKG,Shanghai,Hong Kong,84.93,26.71,57.94,2026-01-23T14:00:00
E0543,SHA-HKG,Shanghai,Hong Kong,36.03,13.84,56.7,2026-01-23T15:00:00
E0544,SHA-HKG,Shanghai,Hong Kong,73.19,50.28,80.99,2026-01-23T16:00:00
E0545,SHA-HKG,Shanghai,Hong Kong,24.04,29.76,20.16,2026-01-23T17:00:00
E0546,SGP-SZX,Singapore,Shenzhen,3.37,62.92,12.67,2026-01-23T18:00:00
E0547,LAX-SIN,Los Angeles,Singapore,80.16,99.9,41.99,2026-01-23T19:00:00
E0548,RTM-NYC,Rotterdam,New York,35.62,80.8,22.02,2026-01-23T20:00:00
E0549,HAM-JKT,Hamburg,Jakarta,20.92,28.88,79.23,2026-01-23T21:00:00
E0550,RTM-NYC,Rotterdam,New York,30.73,55.45,76.94,2026-01-23T22:00:00
E0551,SGP-SZX,Singapore,Shenzhen,68.9,34.79,72.72,2026-01-23T23:00:00
E0552,SHA-HKG,Shanghai,Hong Kong,96.05,83.37,20.21,2026-01-24T00:00:00
E0553,RTM-NYC,Rotterdam,New York,92.31,48.43,47.98,2026-01-24T01:00:00
E0554,SGP-SZX,Singapore,Shenzhen,64.92,48.67,63.09,2026-01-24T02:00:00
E0555,SHA-HKG,Shanghai,Hong Kong,89.7,46.78,81.6,2026-01-24T03:00:00
E0556,HAM-JKT,Hamburg,Jakarta,6.55,52.59,56.93,2026-01-24T04:00:00
E0557,HAM-JKT,Hamburg,Jakarta,32.23,54.05,21.62,2026-01-24T05:00:00
E0558,HAM-JKT,Hamburg,Jakarta,33.84,91.7,79.78,2026-01-24T06:00:00
E0559,SGP-SZX,Singapore,Shenzhen,96.99,28.77,4.09,2026-01-24T07:00:00
E0560,MUM-DXB,Mumbai,Dubai,63.02,84.4,57.53,2026-01-24T08:00:00
E0561,MUM-DXB,Mumbai,Dubai,19.55,12.57,78.45,2026-01-24T09:00:00
E0562,RTM-NYC,Rotterdam,New York,70.82,32.14,4.13,2026-01-24T10:00:00
E0563,MUM-DXB,Mumbai,Dubai,9.59,87.83,37.79,2026-01-24T11:00:00
E0564,RTM-NYC,Rotterdam,New York,22.4,30.93,12.11,2026-01-24T12:00:00
E0565,SGP-SZX,Singapore,Shenzhen,78.0,91.42,44.93,2026-01-24T13:00:00
E0566,SGP-SZX,Singapore,Shenzhen,80.1,90.59,16.25,2026-01-24T14:00:00
E0567,RTM-NYC,Rotterdam,New York,92.44,73.51,52.84,2026-01-24T15:00:00
E0568,RTM-NYC,Rotterdam,New York,15.19,87.31,82.39,2026-01-24T16:00:00
E0569,SHA-HKG,Shanghai,Hong Kong,68.0,14.14,72.73,2026-01-24T17:00:00
E0570,MUM-DXB,Mumbai,Dubai,39.37,86.62,12.47,2026-01-24T18:00:00
E0571,RTM-NYC,Rotterdam,New York,93.3,69.02,59.83,2026-01-24T19:00:00
E0572,SGP-SZX,Singapore,Shenzhen,34.0,89.03,11.21,2026-01-24T20:00:00
E0573,HAM-JKT,Hamburg,Jakarta,74.81,3.23,76.09,2026-01-24T21:00:00
E0574,HAM-JKT,Hamburg,Jakarta,89.32,32.77,20.06,2026-01-24T22:00:00
E0575,RTM-NYC,Rotterdam,New York,53.7,77.51,67.44,2026-01-24T23:00:00
E0576,RTM-NYC,Rotterdam,New York,15.78,28.09,2.51,2026-01-25T00:00:00
E0577,SHA-HKG,Shanghai,Hong Kong,56.4,11.14,54.71,2026-01-25T01:00:00
E0578,SHA-HKG,Shanghai,Hong Kong,32.53,15.01,70.73,2026-01-25T02:00:00
E0579,RTM-NYC,Rotterdam,New York,57.83,17.96,31.83,2026-01-25T03:00:00
E0580,RTM-NYC,Rotterdam,New York,54.52,6.02,3.87,2026-01-25T04:00:00
E0581,HAM-JKT,Hamburg,Jakarta,6.0,38.98,9.53,2026-01-25T05:00:00
E0582,MUM-DXB,Mumbai,Dubai,18.72,60.02,59.68,2026-01-25T06:00:00
E0583,HAM-JKT,Hamburg,Jakarta,70.24,62.02,31.93,2026-01-25T07:00:00
E0584,LAX-SIN,Los Angeles,Singapore,71.58,67.42,53.82,2026-01-25T08:00:00
E0585,MUM-DXB,Mumbai,Dubai,57.21,10.2,80.43,2026-01-25T09:00:00
E0586,HAM-JKT,Hamburg,Jakarta,47.36,46.1,68.76,2026-01-25T10:00:00
E0587,HAM-JKT,Hamburg,Jakarta,76.88,47.58,94.8,2026-01-25T11:00:00
E0588,LAX-SIN,Los Angeles,Singapore,86.25,62.08,91.37,2026-01-25T12:00:00
E0589,MUM-DXB,Mumbai,Dubai,19.15,91.81,33.7,2026-01-25T13:00:00
E0590,RTM-NYC,Rotterdam,New York,45.88,4.0,48.06,2026-01-25T14:00:00
E0591,RTM-NYC,Rotterdam,New York,48.39,84.73,28.94,2026-01-25T15:00:00
E0592,RTM-NYC,Rotterdam,New York,60.84,13.61,11.19,2026-01-25T16:00:00
E0593,HAM-JKT,Hamburg,Jakarta,79.88,33.26,65.3,2026-01-25T17:00:00
E0594,RTM-NYC,Rotterdam,New York,53.74,40.68,41.93,2026-01-25T18:00:00
E0595,SHA-HKG,Shanghai,Hong Kong,25.13,16.74,48.76,2026-01-25T19:00:00
E0596,SGP-SZX,Singapore,Shenzhen,34.73,81.58,59.51,2026-01-25T20:00:00
E0597,MUM-DXB,Mumbai,Dubai,57.15,34.88,69.72,2026-01-25T21:00:00
E0598,LAX-SIN,Los Angeles,Singapore,66.6,8.71,93.16,2026-01-25T22:00:00
E0599,SHA-HKG,Shanghai,Hong Kong,83.84,12.32,60.01,2026-01-25T23:00:00
E0600,RTM-NYC,Rotterdam,New York,55.95,82.38,18.44,2026-01-26T00:00:00
